prop ,support_ontology ,support_concept_scheme ,
http://www.w3.org/1999/02/22-rdf-syntax-ns#type ,1961,587,
http://www.w3.org/ns/prov#hadPrimarySource ,1961,587,Note: this one is added in every resource to keep the source (discard this property)
http://www.w3.org/2002/07/owl#versionInfo ,1116,16,
http://www.w3.org/2000/01/rdf-schema#comment ,908,173,
http://www.w3.org/2002/07/owl#imports ,831,16,
http://www.w3.org/2000/01/rdf-schema#label ,726,444,
http://www.w3.org/2002/07/owl#versionIRI ,716,16,
http://purl.org/dc/terms/license ,656,16,
http://purl.org/dc/terms/title ,655,80,
http://purl.org/dc/terms/creator ,599,69,
http://purl.org/vocab/vann/preferredNamespacePrefix ,595,10,
http://purl.org/vocab/vann/preferredNamespaceUri ,580,10,
http://purl.org/dc/terms/modified ,574,29,
http://purl.org/dc/terms/description ,537,76,
http://purl.org/dc/elements/1.1/title ,464,18,
http://purl.org/dc/elements/1.1/creator ,462,11,
http://purl.org/dc/terms/issued ,413,10,
http://purl.org/dc/elements/1.1/description ,386,11,
http://purl.org/dc/terms/created ,327,29,
http://purl.org/dc/terms/contributor ,312,18,
http://purl.org/dc/terms/publisher ,254,44,
http://purl.org/dc/terms/rights ,239,32,
http://www.w3.org/2000/01/rdf-schema#seeAlso ,233,140,
http://creativecommons.org/ns#license ,214,4,
http://www.w3.org/2002/07/owl#priorVersion ,198,4,
http://purl.org/dc/elements/1.1/contributor ,196,1,
http://purl.org/dc/elements/1.1/rights ,167,0,
http://purl.org/dc/elements/1.1/date ,136,4,
http://purl.org/dc/terms/abstract ,125,1,
http://purl.org/dc/elements/1.1/publisher ,117,4,
http://purl.org/dc/terms/source ,93,5,
http://www.w3.org/2004/02/skos/core#changeNote ,89,13,
http://www.w3.org/2000/01/rdf-schema#isDefinedBy ,88,81,
http://www.omg.org/techprocess/ab/SpecificationMetadata/copyright ,70,0,
http://www.omg.org/techprocess/ab/SpecificationMetadata/filename ,70,0,
http://www.omg.org/techprocess/ab/SpecificationMetadata/fileAbbreviation ,69,0,
http://www.omg.org/techprocess/ab/SpecificationMetadata/contentLanguage ,68,0,
http://www.geneontology.org/formats/oboInOwl#default-namespace ,66,0,
http://xmlns.com/foaf/0.1/homepage ,66,13,
http://xmlns.com/foaf/0.1/maker ,64,3,
http://www.omg.org/techprocess/ab/SpecificationMetadata/dependsOn ,61,0,
http://www.geneontology.org/formats/oboInOwl#hasOBOFormatVersion ,56,0,
https://spec.edmcouncil.org/fibo/ontology/FND/Utilities/AnnotationVocabulary/hasMaturityLevel ,56,0,
http://purl.org/dc/elements/1.1/format ,55,0,
http://purl.org/dc/terms/identifier ,51,8,
http://purl.org/dc/elements/1.1/identifier ,48,0,
http://www.geneontology.org/formats/oboInOwl#saved-by ,44,0,
http://www.geneontology.org/formats/oboInOwl#date ,43,0,
http://www.w3.org/2007/05/powder-s#describedby ,42,0,
http://purl.org/dc/elements/1.1/issued ,41,0,
http://purl.org/dc/elements/1.1/modified ,37,0,
http://purl.org/dc/terms/date ,37,0,
http://purl.org/dc/terms/type ,36,0,
http://purl.org/dc/elements/1.1/source ,36,1,
http://open.vocab.org/terms/defines ,33,0,
http://purl.org/dc/elements/1.1/subject ,33,0,
http://schema.org/creator ,33,0,
http://www.geneontology.org/formats/oboInOwl#auto-generated-by ,33,0,
http://purl.org/dc/elements/1.1/license ,32,0,
http://schema.org/about ,31,0,
http://purl.org/dc/terms/status ,29,0,
http://purl.org/ontology/bibo/status ,29,1,
http://purl.org/dc/elements/1.1/language ,28,0,
http://rdfs.org/ns/void#feature ,27,1,
http://www.w3.org/2003/06/sw-vocab-status/ns#term_status ,26,1,
http://www.w3.org/2004/02/skos/core#prefLabel ,25,252,
http://purl.org/dc/terms/rightsHolder ,25,4,
http://www.w3.org/2004/02/skos/core#definition ,24,152,
http://protege.stanford.edu/plugins/owl/protege#defaultLanguage ,22,0,
http://purl.org/dc/terms/partOf ,22,0,
http://purl.org/dc/terms/subject ,22,6,
http://purl.obolibrary.org/obo/IAO_0000700 ,21,0,
http://www.w3.org/2004/02/skos/core#historyNote ,20,0,
http://purl.org/dc/terms/hasFormat ,19,0,
http://www.ontologydesignpatterns.org/schemas/cpannotationschema.owl#coversRequirements ,18,0,
http://creativecommons.org/ns#attributionURL ,17,0,
http://www.ontologydesignpatterns.org/schemas/cpannotationschema.owl#hasConsequences ,17,0,
http://www.ontologydesignpatterns.org/schemas/cpannotationschema.owl#hasIntent ,17,0,
http://purl.org/dc/terms/hasPart ,15,0,
http://www.linkedmodel.org/schema/vaem#hasGraphMetadata ,15,0,
http://purl.org/dc/terms/bibliographicCitation ,15,1,
http://creativecommons.org/ns#attributionName ,14,0,
http://www.ontologydesignpatterns.org/schemas/cpannotationschema.owl#relatedCPs ,14,0,
http://xmlns.com/foaf/0.1/primaryTopic ,14,0,
http://rdfs.org/ns/void#vocabulary ,14,2,
http://purl.org/dc/terms/language ,14,4,
http://www.ontologydesignpatterns.org/schemas/cpannotationschema.owl#extractedFrom ,13,0,
http://www.ontologydesignpatterns.org/schemas/cpannotationschema.owl#scenarios ,13,0,
http://www.geneontology.org/formats/oboInOwl#NamespaceIdRule ,12,0,
http://www.w3.org/2002/07/owl#backwardCompatibleWith ,12,0,
http://xmlns.com/foaf/0.1/depiction ,12,0,
http://www.w3.org/ns/prov#wasDerivedFrom ,11,1,
http://xmlns.com/foaf/0.1/page ,11,1,
http://purl.org/dc/elements/1.1/abstract ,10,0,
http://purl.org/dc/elements/1.1/created ,10,0,
http://purl.org/dc/terms/references ,10,0,
http://schema.org/dateCreated ,10,1,
http://creativecommons.org/ns#licence ,9,0,
http://purl.org/dc/elements/1.1/type ,9,0,
http://purl.org/vocab/vann/changes ,9,0,
http://www.omg.org/techprocess/ab/SpecificationMetadata/fileAbstract ,9,0,
http://www.w3.org/2004/02/skos/core#note ,9,129,
http://purl.org/vocab/vann/example ,8,0,
http://spinrdf.org/spin#imports ,8,0,
http://usefulinc.com/ns/doap#bug-database ,8,0,
http://web.resource.org/cc/license ,8,0,
http://xmlns.com/foaf/0.1/logo ,8,0,
http://schema.org/dateModified ,8,1,
http://rdfs.org/ns/void#inDataset ,8,17,
http://xmlns.com/foaf/0.1/name ,8,2,
http://purl.org/dc/terms/hasVersion ,8,36,
http://ontologydesignpatterns.org/opla/reusesPatternAsTemplate ,7,0,
http://purl.org/dc/terms/#license ,7,0,
http://purl.org/dc/terms/conformsTo ,7,0,
http://purl.org/dc/terms/isVersionOf ,7,0,
http://purl.org/dc/terms/mediator ,7,0,
http://www.ontologydesignpatterns.org/schemas/cpannotationschema.owl#hasAuthor ,7,0,
https://schema.org/codeRepository ,7,0,
http://purl.org/dc/terms/replaces ,7,1,
http://schema.org/name ,7,1,
http://purl.org/dc/terms/available ,7,4,
http://schema.org/comment ,6,0,
http://www.bbc.co.uk/ontologies/provenance/canonicalLocation ,6,0,
http://www.bbc.co.uk/ontologies/provenance/changeReason ,6,0,
http://www.bbc.co.uk/ontologies/provenance/public ,6,0,
http://www.bbc.co.uk/ontologies/provenance/slug ,6,0,
http://www.bbc.co.uk/ontologies/provenance/version ,6,0,
http://www.geneontology.org/formats/oboInOwl#treat-xrefs-as-equivalent ,6,0,
http://www.w3.org/1999/xhtml/vocab#license ,6,0,
http://www.w3.org/2001/02pd/rec54#editor ,6,0,
http://www.w3.org/2002/07/owl#incompatibleWith ,6,0,
http://www.w3.org/2004/02/skos/core#editorialNote ,6,0,
http://www.w3.org/ns/shacl#declare ,6,0,
http://rdfs.org/ns/void#sparqlEndpoint ,6,1,
http://www.w3.org/ns/prov#wasGeneratedBy ,6,1,
http://publications.europa.eu/ontology/authority/prefLabel ,6,6,
http://publications.europa.eu/ontology/authority/table.id ,6,6,
http://publications.europa.eu/ontology/authority/table.version.number ,6,6,
http://www.w3.org/2008/05/skos-xl#prefLabel ,6,6,
http://purl.org/dc/termscreator ,5,0,
http://purl.org/dc/termsdescription ,5,0,
http://purl.org/dc/termslicense ,5,0,
http://purl.org/dc/termsmodified ,5,0,
http://purl.org/dc/termstitle ,5,0,
http://purl.org/net/ns/ontology-annot#created ,5,0,
http://purl.org/net/ns/ontology-annot#creator ,5,0,
http://purl.org/net/ns/ontology-annot#modified ,5,0,
http://purl.org/ontology/bibo/uri ,5,0,
http://schema.org/citation ,5,0,
http://usefulinc.com/ns/doap#repository ,5,0,
http://www.omg.org/techprocess/ab/SpecificationMetadata/publicationDate ,5,0,
http://www.w3.org/ns/adms#status ,5,0,
http://www.w3.org/ns/prov#specializationOf ,5,0,
http://www.w3.org/ns/prov#wasRevisionOf ,5,0,
http://purl.org/ontology/bibo/doi ,5,1,
http://www.w3.org/2002/07/owl#sameAs ,5,8,
http://purl.obolibrary.org/obo/IAO_0000116 ,4,0,
http://purl.org/dc/terms/author ,4,0,
http://purl.org/net/provenance/ns#createdBy ,4,0,
http://purl.org/vocommons/voaf#classNumber ,4,0,
http://purl.org/vocommons/voaf#propertyNumber ,4,0,
http://purl.org/vocommons/voaf#specializes ,4,0,
http://usefulinc.com/ns/doap#GitRepository ,4,0,
http://usefulinc.com/ns/doap#homepage ,4,0,
http://usefulinc.com/ns/doap#maintainer ,4,0,
http://www.ontologydesignpatterns.org/schemas/cpannotationschema.owl#hasComponent ,4,0,
http://www.ontologydesignpatterns.org/schemas/cpannotationschema.owl#isSpecializationOf ,4,0,
http://www.ontologyrepository.com/CommonCoreOntologies/code_license ,4,0,
http://www.ontologyrepository.com/CommonCoreOntologies/content_license ,4,0,
http://www.w3.org/1999/xhtml/vocab#alternate ,4,0,
http://www.w3.org/1999/xhtml/vocab#stylesheet ,4,0,
http://www.w3.org/2004/02/skos/core#scopeNote ,4,0,
http://xmlns.com/foaf/0.1/isPrimaryTopicOf ,4,0,
http://xmlns.com/foaf/0.1/mbox ,4,0,
https://schema.org/creator ,4,0,
https://schema.org/license ,4,0,
https://w3id.org/linkml/generation_date ,4,0,
https://w3id.org/linkml/metamodel_version ,4,0,
https://w3id.org/linkml/source_file ,4,0,
https://w3id.org/linkml/source_file_date ,4,0,
https://w3id.org/linkml/source_file_size ,4,0,
http://www.w3.org/2004/02/skos/core#hasTopConcept ,4,130,
http://rdfs.org/ns/void#dataDump ,4,2,
http://www.w3.org/2004/02/skos/core#altLabel ,4,2,
http://www.w3.org/ns/dcat#distribution ,4,2,
http://id.loc.gov/vocabulary/relators/fnd ,3,0,
http://id.loc.gov/vocabulary/relators/pdr ,3,0,
http://purl.obolibrary.org/obo/IAO_0000597 ,3,0,
http://purl.org/dc/terms/format ,3,0,
http://purl.org/dc/terms/isReferencedBy ,3,0,
http://purl.org/vocab/vann/preferredNamespaceURI ,3,0,
http://purl.org/vocab/vann/termGroup ,3,0,
http://purl.org/vocommons/voaf#extends ,3,0,
http://purl.org/vocommons/voaf#reliesOn ,3,0,
http://schema.org/image ,3,0,
http://topbraid.org/swa#defaultNamespace ,3,0,
http://w3id.org/meta-share/meta-share/language ,3,0,
http://www.bbc.co.uk/ontologies/provenance/provided ,3,0,
http://www.bbc.co.uk/ontologies/provenance/provider ,3,0,
http://www.geneontology.org/formats/oboInOwl#treat-xrefs-as-genus-differentia ,3,0,
http://www.linkedmodel.org/schema/vaem#dateCreated ,3,0,
http://www.linkedmodel.org/schema/vaem#description ,3,0,
http://www.linkedmodel.org/schema/vaem#namespace ,3,0,
http://www.linkedmodel.org/schema/vaem#namespacePrefix ,3,0,
http://www.linkedmodel.org/schema/vaem#usesNonImportedResource ,3,0,
http://www.omg.org/techprocess/ab/SpecificationMetadata/relatedSpecification ,3,0,
http://www.ontologydesignpatterns.org/opla/reusesPatternAsTemplate ,3,0,
http://www.ontologydesignpatterns.org/schemas/cpannotationschema.owl#reengineeredFrom ,3,0,
http://www.w3.org/1999/02/22-rdf-syntax-ns#about ,3,0,
http://www.w3.org/1999/xhtml/vocab#bookmark ,3,0,
http://www.w3.org/2000/01/rdf-schema#isDefinedby ,3,0,
http://www.w3.org/2002/07/owl#ontologyIRI ,3,0,
http://www.w3.org/ns/adms#versionNotes ,3,0,
http://www.w3.org/ns/prov#alternateOf ,3,0,
https://schema.org/dateCreated ,3,0,
https://schema.org/dateIssued ,3,0,
https://schema.org/dateModified ,3,0,
https://schema.org/publisher ,3,0,
http://rdfs.org/ns/void#triples ,3,1,
http://www.w3.org/2004/02/skos/core#example ,3,1,
http://www.w3.org/ns/dcat#keyword ,3,1,
http://purl.org/pav/version ,3,42,
http://id.loc.gov/vocabulary/relators/ctb ,2,0,
http://omv.ontoware.org/2005/05/ontology#acronym ,2,0,
http://omv.ontoware.org/2005/05/ontology#designedForOntologyTask ,2,0,
http://purl.obolibrary.org/obo/IAO_0000589 ,2,0,
http://purl.org/dc/elements/1.1/Language ,2,0,
http://purl.org/dc/elements/1.1/coverage ,2,0,
http://purl.org/dc/terms#creator ,2,0,
http://purl.org/dc/terms#license ,2,0,
http://purl.org/dc/terms/dateCopyrighted ,2,0,
http://purl.org/dc/terms/decription ,2,0,
http://purl.org/dc/terms/lastModified ,2,0,
http://purl.org/dc/terms/licence ,2,0,
http://purl.org/dc/terms/version ,2,0,
http://purl.org/pav/lastUpdateOn ,2,0,
http://purl.org/vocab/frbr/core#complement ,2,0,
http://purl.org/vocommons/voaf#toDoList ,2,0,
http://rdfs.org/ns/void#classes ,2,0,
http://rdfs.org/ns/void#entities ,2,0,
http://rdfs.org/ns/void#properties ,2,0,
http://schema.org/schemaVersion ,2,0,
http://topbraid.org/metadata#status ,2,0,
http://usefulinc.com/ns/doap#download-page ,2,0,
http://usefulinc.com/ns/doap#mailing-list ,2,0,
http://usefulinc.com/ns/doap#wiki ,2,0,
http://voag.linkedmodel.org/schema/voag#hasLicenseType ,2,0,
http://voag.linkedmodel.org/schema/voag#withAttributionTo ,2,0,
http://www.geneontology.org/formats/oboInOwl#remark ,2,0,
http://www.geneontology.org/formats/oboInOwl#treat-xrefs-as-is_a ,2,0,
http://www.linkedmodel.org/schema/vaem#acronym ,2,0,
http://www.linkedmodel.org/schema/vaem#hasCatalogEntry ,2,0,
http://www.linkedmodel.org/schema/vaem#intent ,2,0,
http://www.linkedmodel.org/schema/vaem#lastUpdated ,2,0,
http://www.linkedmodel.org/schema/vaem#revisionNumber ,2,0,
http://www.linkedmodel.org/schema/vaem#specificity ,2,0,
http://www.w3.org/1999/xhtml/vocab#chapter ,2,0,
http://www.w3.org/1999/xhtml/vocab#contents ,2,0,
http://www.w3.org/1999/xhtml/vocab#last ,2,0,
http://www.w3.org/1999/xhtml/vocab#section ,2,0,
http://www.w3.org/1999/xhtml/vocab#subsection ,2,0,
http://www.w3.org/2000/01/rdf-schema#sameAs ,2,0,
http://www.w3.org/2002/07/owl#Declaration ,2,0,
urn:neoneo:vocab ,2,0,
http://rdfs.org/ns/void#uriSpace ,2,1,
http://schema.org/license ,2,1,
http://purl.org/dc/terms/isFormatOf ,2,10,
http://publications.europa.eu/ontology/euvoc#startDate ,2,2,
http://purl.org/linked-data/registry#notation ,2,2,
http://purl.org/linked-data/registry-ui#hierarchyChildProperty ,2,2,
http://purl.org/linked-data/registry-ui#hierarchyRootProperty ,2,2,
http://rdfs.org/ns/void#exampleResource ,2,2,
http://rdfs.org/ns/void#subset ,2,2,
http://purl.org/vocab/vann/usageNote ,2,3,
http://purl.org/dc/terms/relation ,2,4,
file:///home/dgarijo/Documents/GitHub/ontology_metadata_landscape_analysis/ontology_files/wild/ontologyIRI ,1,0,
http://archivo.dbpedia.org/trackThis ,1,0,
http://buzzword.org.uk/rdf/personal-link-types#edit ,1,0,
http://creativecommons.org/ns#useGuidelines ,1,0,
http://d3fend.mitre.org/ontologies/d3fend.owl#release-date ,1,0,
http://dublincore.org/documents/dcmi-terms/contributor ,1,0,
http://dublincore.org/documents/dcmi-terms/created ,1,0,
http://dublincore.org/documents/dcmi-terms/creator ,1,0,
http://dublincore.org/documents/dcmi-terms/date ,1,0,
http://dublincore.org/documents/dcmi-terms/format ,1,0,
http://dublincore.org/documents/dcmi-terms/language ,1,0,
http://dublincore.org/documents/dcmi-terms/publisher ,1,0,
http://dublincore.org/documents/dcmi-terms/title ,1,0,
http://edamontology.org/next_id ,1,0,
http://edg.topbraid.solutions/model/subjectArea ,1,0,
http://empusa.org/0.1/codeProjectDescription ,1,0,
http://empusa.org/0.1/codeProjectFullName ,1,0,
http://empusa.org/0.1/codeProjectGroup ,1,0,
http://empusa.org/0.1/codeProjectName ,1,0,
http://empusa.org/0.1/codeProjectVersion ,1,0,
http://example.com/owl/families/import/familyImport17/ontologyIRI ,1,0,
http://isweb.uni-koblenz.de/cicero#ciceroProjectURL ,1,0,
http://mmisw.org/ont/mmi/20081020/ontologyMetadata/hasContentCreator ,1,0,
http://mmisw.org/ont/mmi/20081020/ontologyMetadata/hasResourceType ,1,0,
http://mmisw.org/ont/mmi/20081020/ontologyMetadata/origMaintainerCode ,1,0,
http://mmisw.org/ont/mmi/20081020/ontologyMetadata/origVocLastModified ,1,0,
http://mmisw.org/ont/mmi/20081020/ontologyMetadata/origVocUri ,1,0,
http://mmisw.org/ont/mmi/20081020/ontologyMetadata/origVocVersionId ,1,0,
http://ns.nature.com/terms/webpage ,1,0,
http://ns.ottr.xyz/0.4/status ,1,0,
http://omv.ontoware.org/2005/05/ontology#conformsToKnowledgeRepresentationParadigm ,1,0,
http://omv.ontoware.org/2005/05/ontology#creationDate ,1,0,
http://omv.ontoware.org/2005/05/ontology#description ,1,0,
http://omv.ontoware.org/2005/05/ontology#documentation ,1,0,
http://omv.ontoware.org/2005/05/ontology#hasContributor ,1,0,
http://omv.ontoware.org/2005/05/ontology#hasCreator ,1,0,
http://omv.ontoware.org/2005/05/ontology#hasFormalityLevel ,1,0,
http://omv.ontoware.org/2005/05/ontology#hasOntologyLanguage ,1,0,
http://omv.ontoware.org/2005/05/ontology#hasOntologySyntax ,1,0,
http://omv.ontoware.org/2005/05/ontology#keywords ,1,0,
http://omv.ontoware.org/2005/05/ontology#name ,1,0,
http://omv.ontoware.org/2005/05/ontology#reference ,1,0,
http://omv.ontoware.org/2005/05/ontology#usedOntologyEngineeringMethodology ,1,0,
http://omv.ontoware.org/2005/05/ontology#usedOntologyEngineeringTool ,1,0,
http://protege.stanford.edu/webprotege/revision ,1,0,
http://purl.1122org/ontology/bibo/status ,1,0,
http://purl.obolibrary.org/MCO_0000382 ,1,0,
http://purl.obolibrary.org/obo/FOBI_050000 ,1,0,
http://purl.obolibrary.org/obo/FOBI_050001 ,1,0,
http://purl.obolibrary.org/obo/FOBI_050002 ,1,0,
http://purl.obolibrary.org/obo/FOBI_050003 ,1,0,
http://purl.obolibrary.org/obo/IAO_0000117 ,1,0,
http://purl.obolibrary.org/obo/IAO_0000118 ,1,0,
http://purl.obolibrary.org/obo/comment ,1,0,
http://purl.obolibrary.org/obo/createdBy ,1,0,
http://purl.obolibrary.org/obo/date ,1,0,
http://purl.obolibrary.org/obo/format-version ,1,0,
http://purl.obolibrary.org/obo/idspace ,1,0,
http://purl.obolibrary.org/obo/remark ,1,0,
http://purl.org/NET/uri#identifier ,1,0,
http://purl.org/dc/dcmitype/InteractiveResource ,1,0,
http://purl.org/dc/dcmitype/StillImage ,1,0,
http://purl.org/dc/elements/1.1/LicenseDocument ,1,0,
http://purl.org/dc/elements/1.1/accessRights ,1,0,
http://purl.org/dc/elements/1.1/accrualMethod ,1,0,
http://purl.org/dc/elements/1.1/accrualPeriodicity ,1,0,
http://purl.org/dc/elements/1.1/accrualPolicy ,1,0,
http://purl.org/dc/elements/1.1/audience ,1,0,
http://purl.org/dc/elements/1.1/author ,1,0,
http://purl.org/dc/elements/1.1/available ,1,0,
http://purl.org/dc/elements/1.1/bibliographicCitation ,1,0,
http://purl.org/dc/elements/1.1/conformsTo ,1,0,
http://purl.org/dc/elements/1.1/desription ,1,0,
http://purl.org/dc/elements/1.1/isReferencedBy ,1,0,
http://purl.org/dc/elements/1.1/isVersionOf ,1,0,
http://purl.org/dc/elements/1.1/titlecontributor ,1,0,
http://purl.org/dc/elements/1.1/titlecreator ,1,0,
http://purl.org/dc/elements/1.1/titletitle ,1,0,
http://purl.org/dc/terms#issued ,1,0,
http://purl.org/dc/terms#modified ,1,0,
http://purl.org/dc/terms#publisher ,1,0,
http://purl.org/dc/terms#version ,1,0,
http://purl.org/dc/terms/accrualPeriodicity ,1,0,
http://purl.org/dc/terms/comment ,1,0,
http://purl.org/dc/terms/isRequiredBy ,1,0,
http://purl.org/dc/terms/publishercreated ,1,0,
http://purl.org/dc/terms/publisherissued ,1,0,
http://purl.org/dc/terms/publisherlicense ,1,0,
http://purl.org/dc/terms/publisherpublisher ,1,0,
http://purl.org/dc/terms/requires ,1,0,
http://purl.org/dc/terms/tableOfContents ,1,0,
http://purl.org/dc/terms/updated ,1,0,
http://purl.org/goodrelations/v1#BusinessEntity ,1,0,
http://purl.org/makolab/caont/lastActualisationDate ,1,0,
http://purl.org/net/ns/ontology-annot#relation ,1,0,
http://purl.org/ontology/bibo/editor ,1,0,
http://purl.org/openorg/contact ,1,0,
http://purl.org/pav/createdBy ,1,0,
http://purl.org/pav/derivedFrom ,1,0,
http://purl.org/pav/hasPreviousVersion ,1,0,
http://purl.org/spar/cito/citesAsAuthority ,1,0,
http://purl.org/spar/cito/citesAsDataSource ,1,0,
http://purl.org/spar/cito/isReviewedBy ,1,0,
http://purl.org/vocab/frbr/core#abridgement ,1,0,
http://purl.org/vocab/frbr/core#abridgementOf ,1,0,
http://purl.org/vocab/frbr/core#complementOf ,1,0,
http://purl.org/vocab/frbr/core#realization ,1,0,
http://purl.org/vocab/vann/modified ,1,0,
http://purl.org/vocab/vann/prefferedNamespacePrefix ,1,0,
http://purl.org/vocab/vann/prefferedNamespaceURI ,1,0,
http://purl.org/vocommons/voaf#exampleDataset ,1,0,
http://purl.org/vocommons/voaf#preferredNamespacePrefix ,1,0,
http://purl.org/vocommons/voaf#preferredNamespaceUri ,1,0,
http://rdfs.org/ns/void#distinctObjects ,1,0,
http://rdfs.org/ns/void#distinctSubjects ,1,0,
http://schema.org/alternateName ,1,0,
http://schema.org/description ,1,0,
http://schema.org/logo ,1,0,
http://semanticscience.org/resource/SIO_000563 ,1,0,
http://topbraid.org/metadata#identifier ,1,0,
http://topbraid.org/metadata#keyword ,1,0,
http://topbraid.org/metadata#officialName ,1,0,
http://topbraid.org/raci#responsible ,1,0,
http://topbraid.org/teamwork#newInstancesUserCannotModifyURI ,1,0,
http://uri.interlex.org/MIRO/uris/readable/axiom_patterns ,1,0,
http://uri.interlex.org/MIRO/uris/readable/competition ,1,0,
http://uri.interlex.org/MIRO/uris/readable/dereferenceable_iris ,1,0,
http://uri.interlex.org/MIRO/uris/readable/development_community ,1,0,
http://uri.interlex.org/MIRO/uris/readable/development_environment ,1,0,
http://uri.interlex.org/MIRO/uris/readable/entity_deprecation_strategy ,1,0,
http://uri.interlex.org/MIRO/uris/readable/entity_metadata_policy ,1,0,
http://uri.interlex.org/MIRO/uris/readable/entity_naming_convention ,1,0,
http://uri.interlex.org/MIRO/uris/readable/evaluation ,1,0,
http://uri.interlex.org/MIRO/uris/readable/example_of_use ,1,0,
http://uri.interlex.org/MIRO/uris/readable/identifier_generation_policy ,1,0,
http://uri.interlex.org/MIRO/uris/readable/knowledge_acquisition_methodology ,1,0,
http://uri.interlex.org/MIRO/uris/readable/knowledge_representation_language ,1,0,
http://uri.interlex.org/MIRO/uris/readable/methodological_framework ,1,0,
http://uri.interlex.org/MIRO/uris/readable/need ,1,0,
http://uri.interlex.org/MIRO/uris/readable/scope_and_coverage ,1,0,
http://uri.interlex.org/MIRO/uris/readable/source_knowledge_location ,1,0,
http://uri.interlex.org/MIRO/uris/readable/sustainability_plan ,1,0,
http://uri.interlex.org/MIRO/uris/readable/testing ,1,0,
http://uri.interlex.org/MIRO/uris/readable/versioning_policy ,1,0,
http://uri.interlex.org/tgbugs/uris/readable/indexNamespace ,1,0,
http://urigen_local_uri/87b807e4-4286-46f3-89f6-f67df1657fdc#EFO_0000009 ,1,0,
http://usefulinc.com/ns/doap#GitRespository ,1,0,
http://usefulinc.com/ns/doap#SVNRepository ,1,0,
http://usefulinc.com/ns/doap#Version ,1,0,
http://usefulinc.com/ns/doap#audience ,1,0,
http://usefulinc.com/ns/doap#implements ,1,0,
http://vocab.ciudadesabiertas.es/def/sector-publico/agenda-municipal#preferredNamespacePrefix ,1,0,
http://vocab.ciudadesabiertas.es/def/sector-publico/agenda-municipal#preferredNamespaceUri ,1,0,
http://vocab.org/vann/preferredNamespacePrefix ,1,0,
http://vocab.org/vann/preferredNamespaceUri ,1,0,
http://www.coinsweb.nl/cbim-2.0.rdf#creationDate ,1,0,
http://www.coinsweb.nl/cbim-2.0.rdf#creator ,1,0,
http://www.geneontology.org/formats/oboInOwl#?format-version ,1,0,
http://www.geneontology.org/formats/oboInOwl#?mat-version ,1,0,
http://www.geneontology.org/formats/oboInOwl#created_by ,1,0,
http://www.geneontology.org/formats/oboInOwl#data-version ,1,0,
http://www.geneontology.org/formats/oboInOwl#hasSubset ,1,0,
http://www.geneontology.org/formats/oboInOwl#mat-version ,1,0,
http://www.geneontology.org/formats/oboInOwl#savedBy ,1,0,
http://www.geneontology.org/formats/oboInOwl#treat-xrefs-as-has-subclass ,1,0,
http://www.geneontology.org/formats/oboInOwl#treat-xrefs-as-reverse-genus-differentia ,1,0,
http://www.geneontology.org/formats/oboInOwl#typeref ,1,0,
http://www.isibang.ac.in/ns/mod#browsingUI ,1,0,
http://www.isibang.ac.in/ns/mod#competencyQuestion ,1,0,
http://www.linkedmodel.org/schema/vaem#hasAspectScope ,1,0,
http://www.linkedmodel.org/schema/vaem#hasDisciplineScope ,1,0,
http://www.linkedmodel.org/schema/vaem#hasDomainScope ,1,0,
http://www.linkedmodel.org/schema/vaem#hasGraphRole ,1,0,
http://www.linkedmodel.org/schema/vaem#hasRole ,1,0,
http://www.linkedmodel.org/schema/vaem#name ,1,0,
http://www.linkedmodel.org/schema/vaem#rationale ,1,0,
http://www.linkedmodel.org/schema/vaem#revision ,1,0,
http://www.linkedmodel.org/schema/vaem#withAttributionTo ,1,0,
http://www.omg.org/techprocess/ab/SpecificationMetadata/addressForComments ,1,0,
http://www.omg.org/techprocess/ab/SpecificationMetadata/directSource ,1,0,
http://www.omg.org/techprocess/ab/SpecificationMetadata/isNormative ,1,0,
http://www.omg.org/techprocess/ab/SpecificationMetadata/keyword ,1,0,
http://www.omg.org/techprocess/ab/SpecificationMetadata/priorVersion ,1,0,
http://www.omg.org/techprocess/ab/SpecificationMetadata/responsibleTaskForce ,1,0,
http://www.omg.org/techprocess/ab/SpecificationMetadata/specificationAbbreviation ,1,0,
http://www.omg.org/techprocess/ab/SpecificationMetadata/specificationAbstract ,1,0,
http://www.omg.org/techprocess/ab/SpecificationMetadata/specificationTitle ,1,0,
http://www.omg.org/techprocess/ab/SpecificationMetadata/specificationURL ,1,0,
http://www.omg.org/techprocess/ab/SpecificationMetadata/specificationVersionStatus ,1,0,
http://www.omg.org/techprocess/ab/SpecificationMetadata/specificationVersionURL ,1,0,
http://www.omg.org/techprocess/ab/SpecificationMetadata/topicArea ,1,0,
http://www.ontologydesignpatterns.org/schemas/cpannotationschema.owl#hasUnitTest ,1,0,
http://www.referent-tracking.com/RTS_00000001 ,1,0,
http://www.referent-tracking.com/RTS_00000002 ,1,0,
http://www.semanticweb.org/angelmariages/ontologies/2022/3/untitled-ontology-12#eg:author ,1,0,
http://www.semanticweb.org/mpuebla/ontologies/2015/8/OntologyOfSpatialObject#creators ,1,0,
http://www.semanticweb.org/oventura/TheMoneyHeist#authors ,1,0,
http://www.semanticweb.org/oventura/TheMoneyHeist#ontology_name ,1,0,
http://www.w3.org/1999/xhtml/vocab#appendix ,1,0,
http://www.w3.org/1999/xhtml/vocab#external ,1,0,
http://www.w3.org/1999/xhtml/vocab#help ,1,0,
http://www.w3.org/2000/01/rdf-schema#title ,1,0,
http://www.w3.org/2000/01/rdf-schema.rdf#isDefinedBy ,1,0,
http://www.w3.org/2000/01/rdf-schema.rdf#seeAlso ,1,0,
http://www.w3.org/2002/07/owl#DataPropertyDomain ,1,0,
http://www.w3.org/2002/07/owl#DataPropertyRange ,1,0,
http://www.w3.org/2002/07/owl#Import ,1,0,
http://www.w3.org/2002/07/owl#ObjectPropertyDomain ,1,0,
http://www.w3.org/2002/07/owl#ObjectPropertyRange ,1,0,
http://www.w3.org/2002/07/owl#Prefix ,1,0,
http://www.w3.org/2002/07/owl#SubClassOf ,1,0,
http://www.w3.org/2002/07/owl#SubDataPropertyOf ,1,0,
http://www.w3.org/2002/07/owl#SubObjectPropertyOf ,1,0,
http://www.w3.org/2002/07/owl#deprecated ,1,0,
http://www.w3.org/2002/07/owl#description ,1,0,
http://www.w3.org/2002/07/owl#issued ,1,0,
http://www.w3.org/2002/07/owl#preferredNamespacePrefix ,1,0,
http://www.w3.org/2002/07/owl#preferredNamespaceUri ,1,0,
http://www.w3.org/2002/07/owl#title ,1,0,
http://www.w3.org/2002/07/owl#versionURI ,1,0,
http://www.w3.org/2003/06/sw-vocab-status/ns#status ,1,0,
http://www.w3.org/2003/g/data-view#namespaceTransformation ,1,0,
http://www.w3.org/2004/02/skos/core#member ,1,0,
http://www.w3.org/2007/uwa/context/common.owl#termGroups ,1,0,
http://www.w3.org/2009/08/skos-reference/skos.rdf#historyNote ,1,0,
http://www.w3.org/ns/adms#relatedDocumentation ,1,0,
http://www.w3.org/ns/adms#relatedWebPage ,1,0,
http://www.w3.org/ns/dcat#contactPoint ,1,0,
http://www.w3.org/ns/dcat#downloadURL ,1,0,
http://www.w3.org/ns/dcat#theme ,1,0,
http://www.w3.org/ns/dx/prof/hasResource ,1,0,
http://www.w3.org/ns/dx/prof/isProfileOf ,1,0,
http://www.w3.org/ns/lemon/vartrans#imports ,1,0,
http://www.w3.org/ns/lemon/vartrans#versionInfo ,1,0,
http://www.w3.org/ns/prov#has_provenance ,1,0,
http://www.w3.org/ns/prov#wasAttributedTo ,1,0,
http://www.w3.org/ns/radion#versionNotes ,1,0,
http://www.w3.org/ns/shacl#suggestedShapesGraph ,1,0,
http://www.w3id.org/laas-iot/lmu#versionInfo ,1,0,
http://www.wurvoc.org/bibliography/om-2/reference ,1,0,
http://www.wurvoc.org/vocabularies/WV/illustration ,1,0,
http://www.wurvoc.org/vocabularies/WV/logo ,1,0,
http://xmlns.com/foaf/spec/logo ,1,0,
http://xmlns.com/foaf/spec/maker ,1,0,
https://archivo.dbpedia.org/onto#trackThis ,1,0,
https://creativecommons.org/ns#licence ,1,0,
https://creativecommons.org/ns#license ,1,0,
https://id.kb.se/vocab/comment ,1,0,
https://id.kb.se/vocab/dataDisplay ,1,0,
https://id.kb.se/vocab/hasTopConcept ,1,0,
https://id.kb.se/vocab/license ,1,0,
https://id.kb.se/vocab/meta ,1,0,
https://id.kb.se/vocab/sameAs ,1,0,
https://id.kb.se/vocab/title ,1,0,
https://id.kb.se/vocab/version ,1,0,
https://ontologies.semanticarts.com/gist/license ,1,0,
https://purl.org/dc/terms/license ,1,0,
https://schema.org/about ,1,0,
https://schema.org/citation ,1,0,
https://schema.org/comment ,1,0,
https://schema.org/contributor ,1,0,
https://schema.org/copyrightHolder ,1,0,
https://schema.org/identifier ,1,0,
https://schema.org/image ,1,0,
https://schema.org/name ,1,0,
https://w3id.org/def/S4WATR#preferredNamespacePrefix ,1,0,
https://w3id.org/i40/sto#hasDBpediaResource ,1,0,
https://w3id.org/i40/sto#hasOfficialResource ,1,0,
https://w3id.org/i40/sto#hasWikipediaArticle ,1,0,
https://w3id.org/italia/onto/ADMS/acronym ,1,0,
https://w3id.org/italia/onto/ADMS/hasContributor ,1,0,
https://w3id.org/italia/onto/ADMS/hasFormalityLevel ,1,0,
https://w3id.org/italia/onto/ADMS/hasKeyClass ,1,0,
https://w3id.org/italia/onto/ADMS/hasOntologyLanguage ,1,0,
https://w3id.org/italia/onto/ADMS/hasSemanticAssetDistribution ,1,0,
https://w3id.org/italia/onto/ADMS/hasTask ,1,0,
https://w3id.org/italia/onto/ADMS/officialURI ,1,0,
https://w3id.org/italia/onto/ADMS/prefix ,1,0,
https://w3id.org/italia/onto/ADMS/semanticAssetInUse ,1,0,
https://w3id.org/italia/onto/ADMS/status ,1,0,
https://w3id.org/italia/onto/ADMS/target ,1,0,
https://w3id.org/italia/onto/ADMS/type ,1,0,
https://w3id.org/laas-iot/adream#versionInfo ,1,0,
https://w3id.org/mod#competencyQuestion ,1,0,
https://w3id.org/mod#vocabularyUsed ,1,0,
https://w3id.org/roh/mirror/dc/terms/license ,1,0,
https://w3id.org/simulation/ontology/isSimulacrumOf ,1,0,
https://www.dublincore.org/specifications/dublin-core/dcmi-terms/#abstract ,1,0,
https://www.dublincore.org/specifications/dublin-core/dcmi-terms/#title ,1,0,
https://www.geonames.org/countries/EG/egypt.html#terms:creater ,1,0,
https://www.omg.org/techprocess/ab/SpecificationMetadata/creationDate ,1,0,
https://www.omg.org/techprocess/ab/SpecificationMetadata/filename ,1,0,
https://xmlns.com/foaf/0.1/primaryTopic ,1,0,
http://purl.org/dc/terms/accessRights ,1,1,
http://purl.org/dc/terms/provenance ,1,1,
http://purl.org/dc/terms/spatial ,1,1,
http://qudt.org/schema/qudt/acronym ,1,1,
http://rdfs.org/ns/void#rootResource ,1,1,
http://schema.org/author ,1,1,
http://schema.org/datePublished ,1,1,
http://schema.org/keywords ,1,1,
http://schema.org/language ,1,1,
http://schema.org/publisher ,1,1,
http://schema.org/subjectOf ,1,1,
http://www.w3.org/ns/dcat#version ,1,1,
http://www.w3.org/ns/prov#wasGeneratedAtTime ,1,1,
http://xmlns.com/foaf/0.1/fundedBy ,1,1,
http://www.loc.gov/mads/rdf/v1#adminMetadata ,1,11,
http://purl.org/pav/createdOn ,1,45,
http://purl.org/dc/terms/isPartOf ,1,5,
http://purl.org/dc/elements/1.1/createdBy ,0,1,
http://purl.org/dc/terms/contributor1 ,0,1,
http://purl.org/dc/terms/isReplacedBy ,0,1,
http://purl.org/pav/modifiedOn ,0,1,
http://rdf.muninn-project.org/ontologies/military#member ,0,1,
http://rdfs.org/ns/void#uriRegexPattern ,0,1,
http://www.loc.gov/mads/rdf/v1#useFor ,0,1,
http://www.opengis.net/def/metamodel/ogc-na/collectionView ,0,1,
http://www.w3.org/2000/01/rdf-schema#domain ,0,1,
http://www.w3.org/2000/01/rdf-schema#range ,0,1,
http://www.w3.org/2000/01/rdf-schema#subPropertyOf ,0,1,
http://www.w3.org/2002/07/owl#disjointWith ,0,1,
http://www.w3.org/2004/02/skos/core#prefLable ,0,1,
http://www.w3.org/2004/02/skos/core#preflabel ,0,1,
http://www.w3.org/2004/02/skos/core#related ,0,1,
http://www.w3.org/ns/org#hasUnit ,0,1,
http://www.w3.org/ns/org#unitOf ,0,1,
pav:createdOn ,0,1,
pav:lastUpdatedOn ,0,1,
pav:version ,0,1,
http://www.loc.gov/mads/rdf/v1#hasMADSSchemeMember ,0,11,
http://www.w3.org/2004/02/skos/core#notation ,0,11,
http://xmlns.com/foaf/spec/name ,0,12,
http://www.w3.org/2000/01/rdf-schema#subClassOf ,0,19,
http://www.w3.org/2002/07/owl#equivalentClass ,0,2,
http://credreg.net/meta/terms/changeHistory ,0,25,
http://credreg.net/meta/terms/hasConcept ,0,25,
https://www.w3.org/2003/06/sw-vocab-status/ns#term_status ,0,25,
http://www.agfa.com/w3c/2009/clinicalSKOSSchemes#hasDataType ,0,3,
http://www.w3.org/ns/lemon/ontolex#phoneticRep ,0,3,
http://w3id.org/charta77/jup/seeAlso ,0,36,
http://www.loc.gov/mads/rdf/v1#definitionNote ,0,4,
http://www.loc.gov/mads/rdf/v1#hasTopMemberOfMADSScheme ,0,4,
http://purl.org/pav/lastUpdatedOn ,0,43,
http://www.w3.org/2004/02/skos/core#topConceptOf ,0,6,
http://w3id.org/meta-share/lexmeta/wikibaseEntity ,0,7,
http://www.w3.org/2004/02/skos/core#inScheme ,0,7,
http://xmlns.com/foaf/spec/isPrimaryTopicOf ,0,7,
http://www.w3.org/2002/07/owl#subClassOf ,0,9,
